City_ID,City,Country,Lat,Lng,Max Temp,Humidity,Cloudiness,Wind Speed,Current Description
0,Khatanga,RU,71.9667,102.5,15.94,96,100,5.41,light snow
1,Redondela,ES,42.2834,-8.6096,64.62,71,0,2.3,clear sky
2,Dongsheng,CN,39.8161,109.9776,38.43,40,0,6.78,clear sky
3,Salalah,OM,17.0151,54.0924,77.58,85,94,3.24,overcast clouds
4,Hilo,US,19.7297,-155.09,81.39,89,70,8.01,moderate rain
5,Souillac,MU,-20.5167,57.5167,72.36,100,75,9.22,moderate rain
6,Albany,US,42.6001,-73.9662,62.1,87,87,1.99,overcast clouds
7,Vestmannaeyjar,IS,63.4427,-20.2734,42.57,72,39,12.08,scattered clouds
8,Cape Town,ZA,-33.9258,18.4232,64.11,94,0,2.3,clear sky
9,Mataura,NZ,-46.1927,168.8643,47.48,98,100,5.75,light rain
10,Punta Arenas,CL,-53.15,-70.9167,48.31,46,20,33.38,few clouds
11,Avarua,CK,-21.2078,-159.775,78.85,73,100,9.22,overcast clouds
12,Mestia,GE,43.0458,42.7278,43.09,78,71,3.89,broken clouds
13,Obera,AR,-27.4871,-55.1199,65.19,99,73,2.53,broken clouds
14,Atuona,PF,-9.8,-139.0333,78.39,76,27,19.48,scattered clouds
15,Dikson,RU,73.5069,80.5464,29.55,65,100,20.4,overcast clouds
16,Walvis Bay,NA,-22.9575,14.5053,59.09,77,0,4.61,clear sky
17,Babai,IN,22.7,77.9333,70.93,68,21,1.88,few clouds
18,General Bravo,MX,25.8,-99.1667,94.35,37,5,19.24,clear sky
19,Provideniya,RU,64.3833,-173.3,33.91,80,90,6.71,overcast clouds
20,Selma,US,36.5708,-119.6121,79.02,40,0,7.2,clear sky
21,Saint George,US,37.1041,-113.5841,75.67,28,1,1.99,clear sky
22,Pestravka,RU,52.405,49.9583,43.9,62,63,3.15,broken clouds
23,Hobart,AU,-42.8794,147.3294,54.27,49,20,1.01,few clouds
24,Paamiut,GL,61.994,-49.6678,37.04,60,100,5.99,overcast clouds
25,Rikitea,PF,-23.1203,-134.9692,74.82,79,98,17.83,overcast clouds
26,Kapaa,US,22.0752,-159.319,84.18,73,19,5.99,light rain
27,Mount Gambier,AU,-37.8333,140.7667,49.91,76,90,4.61,overcast clouds
28,Tiksi,RU,71.6872,128.8694,29.21,97,100,8.1,light snow
29,Tomaszow Lubelski,PL,50.4477,23.4162,36.81,50,43,6.55,scattered clouds
30,Busselton,AU,-33.65,115.3333,60.04,82,98,17.54,overcast clouds
31,Cervo,ES,43.6702,-7.4101,60.96,85,11,18.63,few clouds
32,Hay River,CA,60.8156,-115.7999,42.78,56,75,14.97,broken clouds
33,Ilulissat,GL,69.2167,-51.1,28.18,84,100,3.31,overcast clouds
34,Ribeira Grande,PT,38.5167,-28.7,69.48,92,100,25.68,overcast clouds
35,Upington,ZA,-28.4478,21.2561,59.38,12,0,4.61,clear sky
36,Ternate,ID,0.8,127.4,83.39,76,94,5.44,overcast clouds
37,Alta Floresta,BR,-9.8756,-56.0861,79.74,63,92,1.21,overcast clouds
38,Airai,TL,-8.9266,125.4092,74.25,45,97,1.99,overcast clouds
39,Ushuaia,AR,-54.8,-68.3,46.06,61,75,25.32,light intensity drizzle
40,Agulu,NG,6.11,7.0724,73.45,96,95,2.84,overcast clouds
41,Nikolskoye,RU,59.7035,30.7861,50.4,70,12,8.59,light rain
42,Torit,SS,4.4133,32.5678,73.89,77,86,3.49,overcast clouds
43,Saint-Augustin,CA,51.226,-58.6502,50.11,69,39,2.89,scattered clouds
44,Muncar,ID,-8.4333,114.3333,79.41,68,83,3.83,broken clouds
45,Bethel,US,41.3712,-73.414,62.92,90,100,1.99,overcast clouds
46,Hermanus,ZA,-34.4187,19.2345,63.9,62,98,7.49,overcast clouds
47,Bredasdorp,ZA,-34.5322,20.0403,57.27,78,85,3.29,overcast clouds
48,Jamestown,US,42.097,-79.2353,65.71,84,1,3.0,clear sky
49,Kolosovka,RU,56.4678,73.611,27.03,71,70,5.3,broken clouds
50,Flin Flon,CA,54.7682,-101.865,56.23,53,100,7.94,overcast clouds
51,Kruisfontein,ZA,-34.0033,24.7314,52.09,74,37,6.04,scattered clouds
52,Lompoc,US,34.6391,-120.4579,80.78,70,0,18.01,clear sky
53,Hudiksvall,SE,61.729,17.1036,50.13,87,100,4.38,overcast clouds
54,Sao Filipe,CV,14.8961,-24.4956,80.28,73,0,3.51,clear sky
55,Alofi,NU,-19.0595,-169.9187,77.34,78,100,4.07,overcast clouds
56,Puerto Del Rosario,ES,28.5004,-13.8627,73.15,64,42,10.36,scattered clouds
57,Sorland,NO,67.667,12.6934,49.64,82,97,10.76,light rain
58,Moron,AR,-34.6534,-58.6198,64.02,88,100,5.01,light rain
59,Arraial Do Cabo,BR,-22.9661,-42.0278,67.73,85,100,21.79,light rain
60,Bluff,NZ,-46.6,168.3333,47.8,90,100,9.31,overcast clouds
61,New Norfolk,AU,-42.7826,147.0587,54.66,51,85,5.01,overcast clouds
62,Sligo,IE,54.2697,-8.4694,43.68,89,99,3.65,overcast clouds
63,Cooma,AU,-36.2333,149.1333,49.93,39,94,4.83,overcast clouds
64,Saint-Philippe,RE,-21.3585,55.7679,71.15,88,6,5.32,clear sky
65,Grindavik,IS,63.8424,-22.4338,37.87,93,75,3.44,broken clouds
66,Klaksvik,FO,62.2266,-6.589,43.72,82,98,12.15,overcast clouds
67,Quatre Cocos,MU,-20.2078,57.7625,72.09,92,98,8.05,light rain
68,Cedar City,US,37.6775,-113.0619,56.39,33,0,6.71,clear sky
69,Castro,BR,-24.7911,-50.0119,56.44,97,99,11.95,overcast clouds
70,Obidos,BR,-1.9175,-55.5181,85.57,52,80,3.04,broken clouds
71,Mahebourg,MU,-20.4081,57.7,72.25,91,96,8.9,light rain
72,Qaanaaq,GL,77.484,-69.3632,29.79,86,100,8.39,overcast clouds
73,Prainha,BR,-1.8,-53.48,84.56,55,75,5.39,broken clouds
74,Kralendijk,BQ,12.15,-68.2667,82.71,76,97,13.62,overcast clouds
75,Mitsamiouli,KM,-11.3847,43.2844,75.52,82,27,5.01,scattered clouds
76,Amberley,US,39.2048,-84.428,76.39,74,61,1.01,broken clouds
77,Kilindoni,TZ,-7.9139,39.6668,77.29,81,76,12.64,broken clouds
78,Marsala,IT,37.7966,12.4352,59.54,55,2,19.95,clear sky
79,Aksu,CN,41.1231,80.2644,48.38,31,100,1.16,overcast clouds
80,Hommersak,NO,58.9317,5.8511,52.41,85,75,23.02,broken clouds
81,Port Alfred,ZA,-33.5906,26.891,58.3,74,23,20.71,few clouds
82,Ercsi,HU,47.2519,18.8962,52.05,62,100,2.57,overcast clouds
83,Lock Haven,US,41.137,-77.4469,66.97,94,100,2.53,overcast clouds
84,Los Llanos De Aridane,ES,28.6585,-17.9182,67.75,83,0,9.22,clear sky
85,Thompson,CA,55.7435,-97.8558,49.51,57,87,5.41,overcast clouds
86,Pevek,RU,69.7008,170.3133,23.61,92,100,5.19,light snow
87,Kodiak,US,57.79,-152.4072,45.45,69,100,9.48,overcast clouds
88,Whittlesea,ZA,-32.1759,26.8244,46.78,78,3,2.51,clear sky
89,Torbay,CA,47.6666,-52.7314,43.57,82,37,4.0,scattered clouds
90,Cidreira,BR,-30.1811,-50.2056,64.99,80,99,20.2,overcast clouds
91,Kaeo,NZ,-35.1,173.7833,67.32,60,47,9.64,scattered clouds
92,Barela,IN,23.1,80.05,68.7,71,1,0.22,clear sky
93,Thinadhoo,MV,0.5333,72.9333,83.07,67,98,15.23,overcast clouds
94,Bollnas,SE,61.3482,16.3946,48.38,91,100,4.99,overcast clouds
95,Kavaratti,IN,10.5669,72.642,82.11,81,99,15.12,overcast clouds
96,Guerrero Negro,MX,27.9769,-114.0611,75.07,59,0,15.99,clear sky
97,Jiwani,PK,25.05,61.7417,82.31,37,0,9.13,clear sky
98,Sakakah,SA,29.9697,40.2064,77.18,19,2,6.44,clear sky
99,Havoysund,NO,70.9963,24.6622,43.68,89,100,9.86,overcast clouds
100,Shihezi,CN,44.3,86.0333,45.48,41,93,7.58,overcast clouds
101,Ivankiv,UA,50.9386,29.8943,43.56,69,48,4.18,scattered clouds
102,Adre,TD,13.4667,22.2,80.78,22,42,7.49,scattered clouds
103,Dzilam Gonzalez,MX,21.2833,-88.9333,80.8,79,68,7.11,broken clouds
104,Chokurdakh,RU,70.6333,147.9167,19.63,88,100,6.06,overcast clouds
105,Matoury,GF,4.8483,-52.3317,83.01,78,0,2.3,clear sky
106,Stege,DK,54.987,12.2846,51.1,74,81,14.0,broken clouds
107,Severo-Kurilsk,RU,50.6789,156.125,50.81,94,100,18.14,moderate rain
108,Harindanga,IN,22.0383,88.3214,82.38,87,40,6.2,scattered clouds
109,Oistins,BB,13.0667,-59.5333,81.9,77,100,18.99,overcast clouds
110,Male,MV,4.1748,73.5089,82.58,77,79,17.6,broken clouds
111,Cherskiy,RU,68.75,161.3,10.99,91,71,5.14,broken clouds
112,Ponta Do Sol,PT,32.6667,-17.1,72.23,68,17,5.08,few clouds
113,Kirakira,SB,-10.4544,161.9205,81.59,78,93,3.85,overcast clouds
114,Bandarbeyla,SO,9.4942,50.8122,78.91,86,82,21.9,broken clouds
115,Ust-Uda,RU,54.1742,103.0304,35.38,76,75,1.52,broken clouds
116,Monte Azul,BR,-15.155,-42.8747,75.02,72,76,7.47,broken clouds
117,Luwuk,ID,-0.9516,122.7875,79.61,83,100,4.65,moderate rain
118,Leningradskiy,RU,69.3833,178.4167,23.49,91,100,4.83,overcast clouds
119,Balboa,CO,2.0396,-77.2168,63.45,96,89,1.41,moderate rain
120,Kuopio,FI,62.8924,27.677,48.15,100,90,9.22,overcast clouds
121,Vaini,TO,-21.2,-175.2,73.87,77,100,13.56,overcast clouds
122,Maniitsoq,GL,65.4167,-52.9,35.29,85,92,8.99,overcast clouds
123,Lar,IN,26.2039,83.9717,72.86,73,2,1.66,clear sky
124,Vostok,RU,46.4856,135.8833,38.52,82,100,14.34,overcast clouds
125,Aklavik,CA,68.2191,-135.0107,31.03,79,100,6.31,overcast clouds
126,Matamoros,MX,25.5333,-103.25,91.56,21,0,4.99,clear sky
127,Jizan,SA,17.3333,42.6667,86.45,71,25,4.41,scattered clouds
128,Puerto Ayora,EC,-0.7393,-90.3518,69.55,88,61,5.99,broken clouds
129,Butaritari,KI,3.0707,172.7902,81.75,65,31,8.68,scattered clouds
130,San Patricio,US,28.017,-97.5169,85.15,73,40,18.66,scattered clouds
131,Miles City,US,46.4083,-105.8406,67.51,34,3,7.11,clear sky
132,Barrow,US,71.2906,-156.7887,26.62,80,75,8.05,broken clouds
133,Sangar,RU,63.9242,127.4739,33.06,99,100,4.85,snow
134,Hobyo,SO,5.3505,48.5268,78.33,88,48,15.86,scattered clouds
135,Mocuba,MZ,-16.8392,36.9856,71.38,89,19,5.79,few clouds
136,Deputatskiy,RU,69.3,139.9,21.88,81,100,3.27,overcast clouds
137,Hofn,IS,64.2539,-15.2082,40.51,63,33,12.17,scattered clouds
138,Cabo San Lucas,MX,22.8909,-109.9124,91.62,72,78,1.01,broken clouds
139,Vanimo,PG,-2.6741,141.3028,82.04,82,99,3.96,light rain
140,Berbera,SO,10.4396,45.0143,86.99,69,31,6.24,scattered clouds
141,Hornepayne,CA,49.2138,-84.7705,63.12,94,100,10.71,moderate rain
142,Tarana,IN,23.3333,76.0333,74.71,75,45,2.57,scattered clouds
143,Dicabisagan,PH,17.0818,122.4157,76.69,91,100,12.17,very heavy rain
144,Tuktoyaktuk,CA,69.4541,-133.0374,30.0,76,98,5.66,overcast clouds
145,Norton,ZW,-17.8833,30.7,58.28,86,92,13.47,overcast clouds
146,Manggar,ID,-2.8833,108.2667,82.4,80,86,9.17,overcast clouds
147,Porbandar,IN,21.6422,69.6093,81.97,78,9,3.56,clear sky
148,Vanderhoof,CA,54.0166,-124.0198,45.86,49,90,10.38,overcast clouds
149,Westport,US,41.1415,-73.3579,65.19,91,100,10.0,overcast clouds
150,Carutapera,BR,-1.195,-46.02,79.83,79,38,8.3,scattered clouds
151,Amapa,BR,1.0,-52.0,74.28,94,92,5.82,overcast clouds
152,Mukhtolovo,RU,55.4644,43.1953,42.67,92,54,4.7,light rain
153,Plouzane,FR,48.3833,-4.6167,55.58,100,90,4.61,fog
154,Brainerd,US,46.358,-94.2008,52.09,87,90,6.91,mist
155,Georgetown,MY,5.4112,100.3354,78.89,89,20,0.0,few clouds
156,Portland,US,45.5234,-122.6762,58.51,66,99,4.0,overcast clouds
157,Sampit,ID,-2.5333,112.95,78.82,92,100,2.35,overcast clouds
158,Saskylakh,RU,71.9167,114.0833,23.13,96,100,8.63,overcast clouds
159,Mantua,IT,45.1667,10.7833,52.7,84,2,2.15,clear sky
160,Lufilufi,WS,-13.8745,-171.5986,85.78,77,96,10.51,overcast clouds
161,Celestun,MX,20.8667,-90.4,82.92,75,46,11.45,scattered clouds
162,Nouadhibou,MR,20.931,-17.0347,69.04,83,0,20.51,clear sky
163,Hamilton,US,39.1834,-84.5333,77.09,74,62,1.01,broken clouds
164,Necochea,AR,-38.5473,-58.7368,60.04,92,26,9.26,scattered clouds
165,Yellowknife,CA,62.456,-114.3525,36.41,100,100,1.01,light rain
166,Dukat,RU,62.55,155.55,18.27,74,6,4.61,clear sky
167,Vila Franca Do Campo,PT,37.7167,-25.4333,70.21,88,100,10.94,overcast clouds
168,Victoria,HK,22.2855,114.1577,82.33,82,87,1.01,overcast clouds
169,Bilibino,RU,68.0546,166.4372,5.85,95,92,1.59,overcast clouds
170,Iqaluit,CA,63.7506,-68.5145,32.7,86,41,1.99,scattered clouds
171,Belyy Yar,RU,53.6039,91.3903,42.69,65,40,8.95,scattered clouds
172,Touros,BR,-5.1989,-35.4608,78.64,77,25,14.05,scattered clouds
173,Iberia,US,29.9502,-91.7507,78.78,83,1,9.01,clear sky
174,Faanui,PF,-16.4833,-151.75,79.79,74,44,12.84,scattered clouds
175,Rio Grande,BR,-32.035,-52.0986,63.95,79,93,19.86,overcast clouds
176,Lorengau,PG,-2.0226,147.2712,85.19,66,72,3.6,broken clouds
177,Porto Novo,BJ,6.4965,2.6036,78.08,85,93,5.26,light rain
178,Carnarvon,AU,-24.8667,113.6333,68.09,62,0,19.46,clear sky
179,Sabalgarh,IN,26.25,77.4,75.63,56,14,4.54,few clouds
180,The Valley,AI,18.217,-63.0578,82.09,78,43,25.37,scattered clouds
181,Tasiilaq,GL,65.6145,-37.6368,32.16,53,5,3.04,clear sky
182,Roxana,CR,10.2753,-83.7513,82.47,96,57,2.82,broken clouds
183,Katsuura,JP,35.1333,140.3,80.19,68,48,14.76,scattered clouds
184,Makakilo City,US,21.3469,-158.0858,82.56,57,5,24.05,clear sky
185,Bukama,CD,-9.2,25.85,83.1,33,98,1.59,overcast clouds
186,Dwarka,IN,22.2394,68.9678,81.66,77,2,6.42,clear sky
187,Komsomolskiy,UZ,40.4272,71.7189,42.22,75,13,2.3,few clouds
188,Tuatapere,NZ,-46.1333,167.6833,47.82,95,100,4.21,moderate rain
189,Danville,US,36.586,-79.395,69.42,89,46,3.0,scattered clouds
190,Talnakh,RU,69.4865,88.3972,23.29,95,96,8.28,light snow
191,Bambous Virieux,MU,-20.3428,57.7575,72.21,100,75,9.22,light rain
192,Port Elizabeth,ZA,-33.918,25.5701,51.1,76,38,10.83,scattered clouds
193,Betioky,MG,-23.7167,44.3833,63.57,92,23,5.39,few clouds
194,San Quintin,MX,30.4833,-115.95,70.61,63,0,12.55,clear sky
195,Batticaloa,LK,7.7102,81.6924,79.95,75,100,3.69,light rain
196,Sijunjung,ID,-0.6876,100.9537,72.68,98,97,0.96,overcast clouds
197,Hithadhoo,MV,-0.6,73.0833,82.72,68,99,15.14,overcast clouds
198,Fort Nelson,CA,58.8053,-122.7002,38.01,82,100,4.56,overcast clouds
199,Mayor Pablo Lagerenza,PY,-19.9309,-60.7718,70.81,76,42,10.98,scattered clouds
200,Nelson Bay,AU,-32.7167,152.15,58.1,96,100,3.0,overcast clouds
201,Batagay-Alyta,RU,67.8006,130.4114,24.85,80,98,2.26,overcast clouds
202,Sao Felix Do Xingu,BR,-6.6447,-51.995,79.83,64,100,1.59,overcast clouds
203,Katima Mulilo,NA,-17.5,24.2667,72.34,55,6,13.27,clear sky
204,Acacoyagua,MX,15.35,-92.65,77.77,93,77,1.5,broken clouds
205,Vardo,NO,70.3705,31.1107,44.35,90,100,7.63,overcast clouds
206,Khandbari,NP,27.3747,87.2039,65.75,84,7,3.94,clear sky
207,East London,ZA,-33.0153,27.9116,59.4,68,13,18.57,few clouds
208,San Rafael,AR,-34.6177,-68.3301,65.12,48,32,5.79,scattered clouds
209,Hami,CN,42.8,93.45,45.5,27,2,5.41,clear sky
210,Kaitangata,NZ,-46.2817,169.8464,53.67,76,100,5.75,overcast clouds
211,Lapua,FI,62.9693,23.0088,51.51,81,100,12.48,overcast clouds
212,Yerbogachen,RU,61.2767,108.0108,30.22,84,100,11.12,overcast clouds
213,Ngunguru,NZ,-35.6167,174.5,67.15,55,50,8.08,scattered clouds
214,Nacala,MZ,-14.5428,40.6728,71.92,92,3,4.45,clear sky
215,Meulaboh,ID,4.1363,96.1285,76.17,86,100,3.0,overcast clouds
216,Berdigestyakh,RU,62.0989,126.6992,32.94,82,96,10.22,overcast clouds
217,Hammerfest,NO,70.6634,23.6821,43.25,100,90,3.44,light intensity drizzle
218,Semey,KZ,50.4111,80.2275,46.62,66,75,6.71,light rain
219,Bud,US,39.447,-86.1758,77.34,74,45,9.86,scattered clouds
220,Tombouctou,ML,20.0,-3.0,86.5,11,90,9.75,overcast clouds
221,Lebu,CL,-37.6167,-73.65,50.52,88,9,13.24,clear sky
222,Upernavik,GL,72.7868,-56.1549,33.33,97,100,10.87,light snow
223,Camana,PE,-16.6228,-72.7111,63.75,85,80,7.61,broken clouds
224,Luderitz,NA,-26.6481,15.1594,71.1,35,6,4.21,clear sky
225,San Policarpo,PH,12.1791,125.5072,83.32,75,59,11.83,broken clouds
226,Chapais,CA,49.7834,-74.8492,56.98,95,100,7.99,overcast clouds
227,Kabo,CF,7.6994,18.629,72.21,96,100,3.76,overcast clouds
228,Esperance,AU,-33.8667,121.9,63.19,41,100,23.31,overcast clouds
229,Mancio Lima,BR,-7.6142,-72.8958,80.8,68,67,2.77,broken clouds
230,Solton,RU,52.8429,86.4787,42.93,72,100,4.32,overcast clouds
231,Fairbanks,US,64.8378,-147.7164,37.6,94,90,4.61,light snow
232,Bhunya,SZ,-26.55,31.0167,52.68,79,99,1.99,overcast clouds
233,Palauig,PH,15.435,119.9045,82.38,83,100,16.2,light rain
234,San Francisco,US,37.7749,-122.4194,82.47,66,0,5.01,clear sky
235,Mar Del Plata,AR,-38.0023,-57.5575,58.08,58,0,8.99,clear sky
236,Saint-Pierre,RE,-21.3393,55.4781,71.24,71,0,6.91,clear sky
237,Pisco,PE,-13.7,-76.2167,62.02,90,24,2.86,few clouds
238,Jhargram,IN,22.45,86.9833,76.05,76,12,6.49,few clouds
239,De-Kastri,RU,51.4667,140.7833,42.66,93,100,23.11,light rain
240,Axim,GH,4.8699,-2.2405,75.85,91,100,6.11,light rain
241,Kapuskasing,CA,49.4169,-82.4331,66.29,77,90,6.91,overcast clouds
242,Saldanha,ZA,-33.0117,17.9442,61.7,49,89,8.16,overcast clouds
243,Hasaki,JP,35.7333,140.8333,77.29,67,35,15.12,scattered clouds
244,Padang,ID,-0.9492,100.3543,75.09,93,100,2.01,overcast clouds
245,Masallatah,LY,32.6167,14.0,69.76,70,0,9.95,clear sky
246,Payo,ID,-3.7508,103.6372,77.49,82,87,0.87,overcast clouds
247,Surt,LY,31.2089,16.5887,75.43,69,72,11.14,broken clouds
248,Ballina,AU,-28.8667,153.5667,78.84,61,40,5.75,scattered clouds
249,Vao,NC,-22.6667,167.4833,70.48,63,4,13.27,clear sky
250,Hambantota,LK,6.1241,81.1185,79.45,82,97,18.39,overcast clouds
251,Ossora,RU,59.2353,163.0719,36.82,59,9,3.29,clear sky
252,Chern,RU,53.4523,36.9145,38.8,75,1,1.14,clear sky
253,Santa Rosa,PH,14.3122,121.1114,85.1,79,94,18.03,overcast clouds
254,Boyolangu,ID,-8.1181,111.8935,77.04,78,98,7.52,overcast clouds
255,Praia,CV,14.9215,-23.5087,78.12,82,0,12.28,clear sky
256,Faya,SA,18.3851,42.4509,61.84,32,32,8.39,scattered clouds
257,Ostrovnoy,RU,68.0531,39.5131,42.91,94,100,3.96,overcast clouds
258,Yumen,CN,40.2833,97.2,36.32,31,25,11.1,scattered clouds
259,Tucurui,BR,-3.7661,-49.6725,81.43,64,84,4.32,broken clouds
260,Port Blair,IN,11.6667,92.75,80.92,84,100,16.28,overcast clouds
261,Kargasok,RU,59.0556,80.8572,26.35,73,3,6.29,clear sky
262,Havre-Saint-Pierre,CA,50.2334,-63.5986,49.01,91,95,11.88,overcast clouds
263,Kasongo-Lunda,CD,-6.4667,16.8167,71.35,94,96,2.46,overcast clouds
264,Lakes Entrance,AU,-37.8811,147.981,57.16,59,12,7.7,few clouds
265,Guararapes,BR,-21.2608,-50.6428,67.12,93,100,7.63,overcast clouds
266,Te Anau,NZ,-45.4167,167.7167,37.0,99,100,2.55,moderate rain
267,Sfantu Gheorghe,RO,45.8667,25.7833,38.93,52,77,4.94,broken clouds
268,Tambura,SS,5.6,27.4667,71.24,90,100,2.64,overcast clouds
269,Coquimbo,CL,-29.9533,-71.3436,57.16,73,6,4.83,clear sky
270,Kilrush,IE,52.6397,-9.4833,46.15,88,41,2.39,scattered clouds
271,Kalengwa,ZM,-13.4659,25.0027,71.49,31,3,5.35,clear sky
272,Zyryanka,RU,65.75,150.85,25.97,60,18,11.97,few clouds
273,Brae,GB,60.3964,-1.353,46.31,77,53,21.9,broken clouds
274,Pringsewu,ID,-5.3582,104.9744,78.01,87,100,3.38,overcast clouds
275,Longyearbyen,SJ,78.2186,15.6401,28.24,74,75,5.75,broken clouds
276,Vaitape,PF,-16.5167,-151.75,79.77,74,45,12.86,scattered clouds
277,Kimbe,PG,-5.5502,150.1429,86.52,64,61,3.2,broken clouds
278,Zharkent,KZ,44.1628,80.0,42.94,80,100,5.99,overcast clouds
279,Neiafu,TO,-18.65,-173.9833,76.55,77,100,8.01,overcast clouds
280,Laizhou,CN,37.1717,119.9214,60.58,50,35,8.1,light rain
281,Khvoynaya,RU,58.9,34.5333,40.41,81,17,7.34,few clouds
282,Dingle,PH,10.9995,122.6711,78.33,92,96,11.77,overcast clouds
283,Urumqi,CN,43.801,87.6005,38.35,65,0,6.71,clear sky
284,Price,US,39.5994,-110.8107,61.12,30,0,7.05,clear sky
285,Mackay,AU,-21.15,149.2,83.68,56,27,7.07,scattered clouds
286,Qaqortoq,GL,60.7167,-46.0333,30.7,50,19,3.53,few clouds
287,Mount Isa,AU,-20.7333,139.5,67.77,100,90,11.5,moderate rain
288,Energeticheskiy,KZ,43.4278,77.0222,41.56,87,90,6.71,light intensity shower rain
289,Kolokani,ML,13.5728,-8.0339,80.64,51,99,7.7,overcast clouds
290,Harper,LR,4.375,-7.7169,77.76,88,98,9.53,overcast clouds
291,Babushkin,RU,51.7122,105.8647,41.52,62,0,6.96,clear sky
292,Rancharia,BR,-22.2292,-50.8931,62.89,91,100,10.89,overcast clouds
293,Sioux Lookout,CA,50.1001,-91.917,59.38,93,94,8.19,overcast clouds
294,Sitka,US,57.0531,-135.33,49.44,74,61,3.67,broken clouds
295,Beringovskiy,RU,63.05,179.3167,28.53,85,96,12.01,overcast clouds
296,Vigrestad,NO,58.5667,5.7,51.58,76,57,24.63,broken clouds
297,Oban,GB,56.4127,-5.4706,51.85,80,100,6.91,overcast clouds
298,Blagoyevo,RU,63.3667,47.9167,47.75,95,100,10.02,overcast clouds
299,Narsaq,GL,60.9167,-46.05,30.42,47,19,2.42,few clouds
300,Pundaguitan,PH,6.3711,126.1689,84.54,70,88,9.46,overcast clouds
301,Kinston,US,35.2627,-77.5816,75.09,78,90,9.22,overcast clouds
302,Lazaro Cardenas,MX,17.9583,-102.2,81.27,84,69,7.09,broken clouds
303,Cayenne,GF,4.9333,-52.3333,83.08,81,0,3.0,clear sky
304,Geraldton,AU,-28.7667,114.6,57.61,82,40,5.75,scattered clouds
305,Codrington,AU,-38.2667,141.9667,53.31,56,74,11.03,broken clouds
306,Arkhara,RU,49.4212,130.0842,42.46,71,0,12.59,clear sky
307,Ambulu,ID,-8.345,113.6058,78.06,73,87,3.06,overcast clouds
308,Yagodnoye,RU,62.55,149.6667,17.51,71,12,2.42,few clouds
309,Lisakovsk,KZ,52.5369,62.4936,39.74,90,100,4.12,light rain
310,Saint-Joseph,RE,-21.3667,55.6167,70.16,84,2,5.59,clear sky
311,Marzuq,YE,14.4,46.4667,76.6,61,41,2.53,scattered clouds
312,Kangaatsiaq,GL,68.3065,-53.4641,34.09,76,98,9.15,overcast clouds
313,Pangnirtung,CA,66.1451,-65.7125,28.4,100,75,0.0,fog
314,Midyat,TR,37.4247,41.3393,43.52,16,0,6.35,clear sky
315,Viedma,AR,-40.8135,-62.9967,58.35,56,0,18.16,clear sky
316,Kahului,US,20.8947,-156.47,78.84,82,36,18.01,scattered clouds
317,Madinat Sittah Uktubar,EG,29.8167,31.05,71.56,80,0,15.43,clear sky
318,Norman Wells,CA,65.282,-126.8329,31.03,87,96,6.98,overcast clouds
319,Novaya Malykla,RU,54.2,49.95,45.72,74,100,4.21,overcast clouds
320,Scarborough,GB,54.2797,-0.4044,50.54,84,68,12.73,broken clouds
321,Chuy,UY,-33.6971,-53.4616,60.6,78,97,13.8,overcast clouds
322,Matara,LK,5.9485,80.5353,77.92,89,88,12.41,overcast clouds
323,Tromso,NO,69.6496,18.957,45.37,93,90,5.75,overcast clouds
324,Bengkulu,ID,-3.8004,102.2655,76.06,90,92,5.26,light rain
325,Qui Nhon,VN,13.7667,109.2333,79.18,85,100,4.25,overcast clouds
326,Hermosillo,MX,29.0667,-110.9667,94.39,12,0,5.99,clear sky
327,Milkovo,RU,54.7167,158.6167,33.37,81,100,8.52,light snow
328,Clearlake,US,38.9582,-122.6264,80.35,27,0,11.43,clear sky
329,Batemans Bay,AU,-35.7167,150.1833,60.19,49,93,8.01,overcast clouds
330,Casimiro De Abreu,BR,-22.4806,-42.2042,65.25,98,100,4.85,moderate rain
331,Plettenberg Bay,ZA,-34.0527,23.3716,61.5,52,69,5.7,broken clouds
332,Tezu,IN,27.9167,96.1667,74.32,74,2,3.02,clear sky
333,Bayan,CN,46.0833,127.4,46.85,54,0,12.68,clear sky
334,Samfya,ZM,-11.3649,29.5565,76.14,35,43,12.1,scattered clouds
335,Laibin,CN,23.7,109.2667,67.1,81,99,20.67,overcast clouds
336,Port Hedland,AU,-20.3167,118.5667,80.65,16,29,17.27,scattered clouds
337,Tazovskiy,RU,67.4667,78.7,28.38,80,62,15.82,broken clouds
338,Libertador General San Martin,AR,-23.8064,-64.7876,69.35,75,22,3.56,few clouds
339,Pangody,RU,65.85,74.4859,26.92,93,43,8.68,scattered clouds
340,Champerico,GT,14.3,-91.9167,85.77,79,100,8.52,overcast clouds
341,Kibala,TD,9.1104,18.3463,73.72,94,97,3.85,overcast clouds
342,Makkaveyevo,RU,51.7533,113.9454,30.92,68,3,1.28,clear sky
343,Tilichiki,RU,60.4667,166.1,30.79,62,47,3.49,scattered clouds
344,Udachnyy,RU,66.4167,112.4,21.18,92,100,19.28,light snow
345,Raudeberg,NO,61.9875,5.1352,47.19,78,100,17.6,overcast clouds
346,Sept-Iles,CA,50.2001,-66.3821,49.05,90,84,3.78,broken clouds
347,Rio Gallegos,AR,-51.6226,-69.2181,43.72,65,43,8.14,scattered clouds
348,Tres Arroyos,AR,-38.3739,-60.2798,56.97,79,92,9.82,overcast clouds
349,Massagno,CH,46.0156,8.9453,49.91,84,0,2.3,clear sky
350,Lingao,CN,19.9103,109.6859,79.3,89,100,10.36,light rain
351,Nam Dinh,VN,20.4167,106.1667,75.54,93,100,3.51,moderate rain
352,Tucuman,AR,-26.8241,-65.2226,65.71,66,0,1.9,clear sky
353,Trinidad,BO,-14.8333,-64.9,89.87,39,83,4.94,broken clouds
354,Edson,CA,53.5835,-116.4356,39.31,65,75,17.27,broken clouds
355,Dawson Creek,CA,55.7666,-120.2362,42.44,61,75,11.5,broken clouds
356,Antofagasta,CL,-23.65,-70.4,67.21,62,10,4.59,clear sky
357,Tiznit,MA,29.5833,-9.5,69.93,49,100,0.67,overcast clouds
358,Bougouni,ML,11.417,-7.479,78.15,77,96,5.39,overcast clouds
359,Xuddur,SO,4.1213,43.8894,72.93,80,86,13.78,overcast clouds
360,Bischheim,FR,48.6163,7.7552,46.87,93,10,0.0,clear sky
361,Iquique,CL,-20.2208,-70.1431,62.35,77,29,5.28,scattered clouds
362,Opuwo,NA,-18.0607,13.84,74.48,17,0,2.33,clear sky
363,Turukhansk,RU,65.8167,87.9833,25.88,75,100,11.32,overcast clouds
364,Matongo,TZ,-2.3833,34.0833,71.49,60,53,3.42,broken clouds
365,Megion,RU,61.0296,76.1136,26.62,73,12,7.67,few clouds
366,Sadri,IN,25.1833,73.4333,78.03,62,7,4.68,clear sky
367,Cockburn Town,TC,21.4612,-71.1419,82.83,70,62,18.14,broken clouds
368,Ancud,CL,-41.8697,-73.8203,50.43,88,100,6.26,overcast clouds
369,Sorong,ID,-0.8833,131.25,80.24,81,100,7.4,overcast clouds
370,Agirish,RU,61.9247,63.0231,28.0,59,56,5.86,broken clouds
371,Mopipi,BW,-21.1833,24.8833,62.67,65,0,20.8,clear sky
372,Nuuk,GL,64.1835,-51.7216,38.88,69,100,8.99,overcast clouds
373,Port Lincoln,AU,-34.7333,135.8667,55.47,51,5,12.64,clear sky
374,Flinders,AU,-34.5833,150.8552,60.06,73,100,5.01,overcast clouds
375,Vanavara,RU,60.34,102.2797,26.13,89,74,9.46,broken clouds
376,Ormara,PK,25.2088,64.6357,83.17,28,0,15.08,clear sky
377,Umm Lajj,SA,25.0213,37.2685,86.74,49,0,5.95,clear sky
378,Otavi,NA,-19.65,17.3333,72.19,9,0,13.33,clear sky
379,Lerwick,GB,60.1545,-1.1494,46.4,77,33,23.17,scattered clouds
380,Ixtapa,MX,20.7,-105.2,80.67,92,100,1.48,overcast clouds
381,Aguimes,ES,27.9054,-15.4461,70.43,70,40,14.97,scattered clouds
382,Nanakuli,US,21.3906,-158.1547,83.98,67,5,22.1,clear sky
383,Aranos,NA,-24.1333,19.1167,61.79,17,0,8.93,clear sky
384,Galveston,US,29.3669,-94.9669,84.31,77,1,20.71,clear sky
385,Rawson,AR,-43.3002,-65.1023,61.97,52,18,5.68,few clouds
386,Babu,CN,24.4167,111.5167,63.19,86,100,9.33,overcast clouds
387,Manokwari,ID,-0.8667,134.0833,83.86,66,96,3.6,overcast clouds
388,Chemal,RU,51.4111,86.005,41.49,72,100,4.34,overcast clouds
389,Ejido,VE,8.5514,-71.2375,69.21,95,98,3.11,overcast clouds
390,Caluquembe,AO,-13.7833,14.6833,70.92,51,86,3.31,overcast clouds
391,Lastoursville,GA,-0.8143,12.7287,71.28,99,97,1.86,overcast clouds
392,Ulaanbaatar,MN,47.9077,106.8832,15.93,92,0,0.0,clear sky
393,Vulcan,RO,45.3833,23.2667,41.43,54,95,3.27,overcast clouds
394,Yashalta,RU,46.3395,42.2762,48.2,64,10,12.93,clear sky
395,Edd,ER,13.9297,41.6925,87.64,66,100,3.8,overcast clouds
396,Kanniyakumari,IN,8.0833,77.5667,79.57,84,95,16.35,overcast clouds
397,Kurilsk,RU,45.2333,147.8833,54.03,92,100,23.8,overcast clouds
398,Muros,ES,42.7762,-9.0603,64.24,72,2,9.64,clear sky
399,Pitimbu,BR,-7.4706,-34.8086,77.77,79,51,9.95,broken clouds
400,Pierre,US,44.3683,-100.351,65.86,56,58,5.99,broken clouds
401,Itoman,JP,26.1247,127.6694,84.22,84,75,19.57,moderate rain
402,Jalu,LY,29.0331,21.5482,75.36,32,0,6.89,clear sky
403,Vila Velha,BR,-20.3297,-40.2925,61.95,92,100,9.62,overcast clouds
404,Sobolevo,RU,54.4299,31.8996,36.9,77,94,4.21,overcast clouds
405,Tessalit,ML,20.1986,1.0114,83.55,11,90,7.81,overcast clouds
406,Mujiayingzi,CN,42.1167,118.7833,43.23,43,0,5.88,clear sky
407,Paita,PE,-5.0892,-81.1144,64.99,87,39,15.48,scattered clouds
408,Atar,MR,20.5169,-13.0499,84.81,20,1,4.25,clear sky
409,Almaznyy,RU,48.0448,40.045,48.34,66,8,7.72,clear sky
410,Gorontalo,ID,0.5412,123.0595,84.42,71,92,2.62,overcast clouds
411,Sadsadan,PH,16.9333,120.8667,62.64,99,100,4.83,moderate rain
412,Lavrentiya,RU,65.5833,-171.0,30.67,79,54,3.47,broken clouds
413,Bubaque,GW,11.2833,-15.8333,82.42,78,84,8.08,broken clouds
414,Jackson,US,42.4165,-122.8345,58.78,53,91,3.0,overcast clouds
415,Anadyr,RU,64.75,177.4833,23.5,92,75,5.99,broken clouds
416,Moree,AU,-29.4667,149.85,66.22,77,90,9.22,overcast clouds
417,Ahipara,NZ,-35.1667,173.1667,61.18,60,91,9.84,overcast clouds
418,Verkhnevilyuysk,RU,63.4453,120.3167,31.21,87,99,13.33,light snow
419,Zhanaozen,KZ,43.3,52.8,49.26,37,92,7.07,overcast clouds
420,Isangel,VU,-19.55,169.2667,78.49,61,3,9.73,clear sky
421,Emerald,AU,-23.5333,148.1667,81.34,47,18,7.52,few clouds
422,Bende,NG,5.5572,7.6368,71.73,98,96,2.51,overcast clouds
423,Russell,US,32.3502,-85.1999,75.79,90,2,4.29,clear sky
424,Mildura,AU,-34.2,142.15,57.07,51,0,10.94,clear sky
425,Atlantic City,US,39.3643,-74.4229,68.0,85,100,25.17,overcast clouds
426,Aquiraz,BR,-3.9014,-38.3911,84.22,62,9,12.77,clear sky
427,Tutin,RS,42.9903,20.3314,45.64,99,100,4.41,overcast clouds
428,Kupang,ID,-10.1667,123.5833,83.5,60,79,3.69,broken clouds
429,Ocos,GT,14.5094,-92.1933,85.73,77,100,8.68,overcast clouds
430,Port Hardy,CA,50.6996,-127.4199,49.5,76,89,8.95,light rain
431,Broome,US,42.2506,-75.833,64.2,77,75,1.01,broken clouds
432,Teguise,ES,29.0605,-13.564,70.02,64,75,10.36,broken clouds
433,Zaysan,KZ,47.4667,84.8667,44.4,50,100,8.34,moderate rain
434,Butembo,CD,0.15,29.2833,58.86,95,100,2.66,overcast clouds
435,Zambezi,ZM,-13.5432,23.1047,73.96,30,36,5.14,scattered clouds
436,Tigil,RU,57.8,158.6667,39.81,59,66,14.2,broken clouds
437,Kamaishi,JP,39.2667,141.8833,72.97,78,72,13.15,broken clouds
438,Karratha,AU,-20.7377,116.8463,78.89,30,6,21.59,clear sky
439,Ouesso,CG,1.6136,16.0517,70.27,99,99,0.04,overcast clouds
440,Honningsvag,NO,70.9821,25.9704,46.08,85,100,9.66,overcast clouds
441,Lagoa,PT,39.05,-27.9833,70.39,89,100,21.79,overcast clouds
442,Luanda,AO,-8.8368,13.2343,73.24,81,52,7.27,broken clouds
443,Finschhafen,PG,-6.6024,147.8681,78.71,88,100,9.6,overcast clouds
444,Najran,SA,17.4924,44.1277,70.18,30,26,4.38,scattered clouds
445,Portobelo,PA,9.55,-79.65,78.62,86,99,6.29,overcast clouds
446,Bathsheba,BB,13.2167,-59.5167,81.81,78,100,18.1,overcast clouds
447,Bontang,ID,0.1333,117.5,81.18,80,100,6.82,overcast clouds
448,Tura,IN,25.5198,90.2201,72.55,89,4,3.87,clear sky
449,Comodoro Rivadavia,AR,-45.8667,-67.5,66.06,30,0,24.16,clear sky
450,Sembakung,ID,3.8167,117.25,82.33,93,100,2.91,heavy intensity rain
451,Soubre,CI,5.7856,-6.6083,72.75,100,100,1.39,overcast clouds
452,Orahovac,XK,42.3994,20.6547,54.91,94,100,2.59,light rain
453,Gravdal,NO,68.1214,13.5031,49.01,76,100,2.37,overcast clouds
454,Makinsk,KZ,52.6292,70.4169,26.13,80,88,7.29,overcast clouds
455,Launceston,AU,-41.45,147.1667,55.62,52,3,5.01,clear sky
456,Shwebo,MM,22.5667,95.7,77.49,91,26,3.89,scattered clouds
457,Aksha,RU,50.2814,113.2867,37.13,59,2,1.81,clear sky
458,Mehamn,NO,71.0357,27.8492,44.69,87,100,5.46,overcast clouds
459,Bure,ET,10.7,37.0667,55.33,96,60,3.24,broken clouds
460,Laguna,US,38.421,-121.4238,82.49,29,1,1.99,clear sky
461,Petatlan,MX,17.5167,-101.2667,87.6,88,17,4.9,few clouds
462,Chicama,PE,-7.8447,-79.1469,66.27,83,35,7.4,scattered clouds
463,San Antonio,US,29.4241,-98.4936,91.09,65,1,1.01,clear sky
464,Pacific Grove,US,36.6177,-121.9166,81.0,78,2,3.0,clear sky
465,Kongolo,CD,-5.3833,27.0,70.84,88,78,2.71,broken clouds
466,Grand Gaube,MU,-20.0064,57.6608,72.37,92,99,3.0,moderate rain
467,Sabang,ID,5.8933,95.3214,82.24,78,67,23.44,light rain
468,Coari,BR,-4.085,-63.1414,82.71,61,76,2.24,broken clouds
469,Cabinda,AO,-5.55,12.2,75.87,82,77,8.61,broken clouds
470,Znamenskoye,RU,57.1281,73.8282,26.8,74,3,2.64,clear sky
471,San Cristobal,VE,7.7669,-72.225,68.43,99,93,1.16,overcast clouds
472,Dourados,BR,-22.2211,-54.8056,64.53,97,98,7.67,overcast clouds
473,Salo,IT,45.6086,10.531,51.3,75,5,0.69,clear sky
474,Bonavista,CA,48.6499,-53.1147,43.12,75,58,25.34,broken clouds
475,Parana,AR,-31.732,-60.5238,64.45,86,84,3.69,broken clouds
476,Usman,RU,52.0466,39.7288,30.24,63,0,3.47,clear sky
477,Voi,KE,-3.3945,38.563,69.51,86,38,7.54,scattered clouds
478,Kokkola,FI,63.8385,23.1307,52.93,89,90,8.99,overcast clouds
479,Karksi-Nuia,EE,58.1033,25.5628,44.47,77,19,7.31,few clouds
480,Maceio,BR,-9.6658,-35.7353,77.77,77,100,11.41,overcast clouds
481,Guna,IN,24.65,77.3167,73.81,54,13,1.39,few clouds
482,Palmer,US,42.1584,-72.3287,61.63,76,90,1.01,overcast clouds
483,Tevaitoa,PF,-16.7833,-151.5,79.39,75,32,12.71,light rain
484,Rocha,UY,-34.4833,-54.3333,58.41,81,100,11.01,overcast clouds
485,Nome,US,64.5011,-165.4064,40.15,66,60,5.97,broken clouds
486,Pyapon,MM,16.2833,95.6833,77.09,95,100,4.52,overcast clouds
487,Srednekolymsk,RU,67.45,153.6833,19.76,76,29,2.91,scattered clouds
488,Nampula,MZ,-15.1165,39.2666,68.41,90,3,1.99,clear sky
489,Tsabong,BW,-26.0217,22.401,63.43,16,1,11.36,clear sky
490,Baruun-Urt,MN,46.6806,113.2792,35.87,45,0,10.47,clear sky
491,Wilhelmshaven,DE,53.5167,8.1333,53.82,81,100,9.93,overcast clouds
492,Sibu,MY,2.3,111.8167,80.02,89,95,1.21,overcast clouds
493,Elizabeth City,US,36.2946,-76.2511,72.01,94,90,14.97,overcast clouds
494,Angoche,MZ,-16.2325,39.9086,74.8,88,12,3.22,few clouds
495,Toowoomba,AU,-27.55,151.9667,76.24,55,89,5.01,overcast clouds
496,Labrea,BR,-7.2586,-64.7981,82.08,56,43,2.06,scattered clouds
497,Salaberry-De-Valleyfield,CA,45.2501,-74.1325,63.7,76,83,3.44,broken clouds
498,Saint-Francois,FR,46.4154,3.9054,39.67,99,90,1.14,fog
499,Lichinga,MZ,-13.3128,35.2406,66.29,59,0,16.11,clear sky
500,Biak,ID,-0.9131,122.8766,78.4,81,100,6.49,moderate rain
501,Nemuro,JP,43.3236,145.575,59.43,92,100,15.12,light rain
502,Davydivka,UA,48.121,25.5646,35.42,46,47,4.74,scattered clouds
503,Macomb,US,40.4592,-90.6718,77.76,69,90,6.91,overcast clouds
504,Bulaevo,KZ,54.9056,70.4439,29.73,80,90,6.53,overcast clouds
505,Sinnamary,GF,5.3833,-52.95,79.86,87,81,11.65,broken clouds
506,Pangai,TO,-19.8,-174.35,72.88,84,100,4.25,heavy intensity rain
507,Rancho Palos Verdes,US,33.7445,-118.387,84.67,68,1,5.99,clear sky
508,Rayevskiy,RU,54.0658,54.9468,42.71,86,95,3.69,overcast clouds
509,Qinhuangdao,CN,39.9317,119.5883,54.93,49,27,6.89,scattered clouds
510,Wajir,KE,1.7471,40.0573,77.16,65,24,14.25,few clouds
511,Prince George,CA,53.9166,-122.753,42.24,65,90,20.71,overcast clouds
512,Darhan,MN,49.4867,105.9228,37.04,56,4,4.79,clear sky
513,Petropavlovsk-Kamchatskiy,RU,53.0452,158.6483,37.99,100,90,22.37,shower sleet
514,Diego De Almagro,CL,-26.3667,-70.05,63.97,17,3,2.13,clear sky
515,Searcy,US,35.2506,-91.7363,82.11,59,0,11.99,clear sky
516,Montrose,US,38.4166,-108.2673,47.44,42,8,6.93,clear sky
517,Urubicha,BO,-15.3833,-62.95,92.43,32,92,4.54,overcast clouds
518,Sydney,AU,-33.8679,151.2073,54.63,93,100,1.01,overcast clouds
519,Tutoia,BR,-2.7619,-42.2744,80.24,78,37,14.58,scattered clouds
520,Santa Maria,BR,-29.6842,-53.8069,70.9,78,40,11.5,scattered clouds
521,Sur,OM,22.5667,59.5289,81.41,56,0,5.97,clear sky
522,Baoro,CF,5.6667,15.9667,65.89,97,99,2.53,overcast clouds
523,Coruripe,BR,-10.1256,-36.1756,76.06,79,88,11.43,overcast clouds
524,Ust-Omchug,RU,61.15,149.6333,15.8,75,23,2.3,few clouds
525,Altay,CN,47.8667,88.1167,38.21,47,95,4.38,overcast clouds
526,Pretoria,ZA,-25.7449,28.1878,59.2,50,0,9.22,clear sky
527,Ierapetra,GR,35.01,25.7353,72.45,80,0,1.54,clear sky
528,Bohicon,BJ,7.1783,2.0667,73.98,96,95,5.37,overcast clouds
529,Wageningen,NL,51.9667,5.6667,56.08,95,90,3.44,overcast clouds
530,Taiobeiras,BR,-15.8078,-42.2331,70.29,73,94,7.9,overcast clouds
531,Kedrovyy,RU,56.1667,91.8167,34.21,99,100,2.26,overcast clouds
532,Arman,RU,59.7,150.1667,33.64,46,1,8.01,clear sky
533,Magdagachi,RU,53.45,125.8,37.72,68,14,5.37,few clouds
534,Nanortalik,GL,60.1432,-45.2371,36.41,64,3,1.72,clear sky
535,Ulladulla,AU,-35.35,150.4667,59.88,56,100,11.81,overcast clouds
536,Waddan,LY,29.1614,16.139,72.01,52,0,11.32,clear sky
537,La Ronge,CA,55.1001,-105.2842,49.44,57,100,6.04,overcast clouds
538,Kavieng,PG,-2.5744,150.7967,84.13,69,54,6.33,broken clouds
539,Baykit,RU,61.67,96.37,21.11,84,50,6.31,scattered clouds
540,Malayal,PH,7.208,121.942,81.59,82,97,11.63,light rain
541,Yar-Sale,RU,66.8333,70.8333,26.78,82,53,7.14,broken clouds
542,Bara,NG,10.3744,10.7288,74.95,84,96,7.61,overcast clouds
543,Doha,QA,25.2867,51.5333,84.18,54,0,3.44,clear sky
544,Khandagayty,RU,50.7333,92.05,31.75,68,81,4.09,broken clouds
545,Kodinsk,RU,58.6881,99.1844,28.13,93,89,7.67,overcast clouds
546,Shigony,RU,53.3875,48.6777,44.06,64,83,3.89,broken clouds
547,Neuquen,AR,-38.9516,-68.0591,73.29,43,0,1.14,clear sky
548,Bowen,AU,-20.0167,148.2333,77.92,55,8,8.97,clear sky
549,Navalmoral De La Mata,ES,39.8916,-5.5406,67.96,61,47,4.81,scattered clouds
550,Lukovetskiy,RU,64.2956,41.9211,49.98,95,100,8.97,light rain
551,Jishou,CN,28.3167,109.7167,55.31,83,100,5.17,overcast clouds
552,Jammal,TN,35.6223,10.757,65.88,68,40,8.05,scattered clouds
553,Vilhena,BR,-12.7406,-60.1458,77.54,57,26,3.98,scattered clouds
554,Amalapuram,IN,16.5833,82.0167,75.94,92,39,3.09,scattered clouds
555,Saint Anthony,US,45.0205,-93.218,63.55,68,90,8.01,overcast clouds
556,Boa Vista,BR,2.8197,-60.6733,76.3,88,86,3.67,moderate rain
557,Wenling,CN,28.3669,121.36,75.9,83,17,14.09,few clouds
558,Shenjiamen,CN,29.9576,122.298,78.39,81,1,11.95,clear sky
559,Pimampiro,EC,0.4,-77.9667,61.12,92,99,1.21,light rain
560,Uaua,BR,-9.8414,-39.4817,80.58,38,100,16.98,overcast clouds
561,Tabas,IR,33.5959,56.9244,56.35,23,0,6.06,clear sky
562,Pangoa,PE,-12.1167,-73.0,75.92,76,96,2.98,overcast clouds
563,Grand Forks,US,47.9417,-97.4337,51.78,91,90,13.8,overcast clouds
564,Ivanteyevka,RU,55.9711,37.9208,43.34,75,24,4.79,few clouds
565,Saint-Louis,SN,16.3333,-15.0,83.64,53,4,12.95,clear sky
566,Darnah,LY,32.767,22.6367,75.51,53,0,12.82,clear sky
567,Frutal,BR,-20.0247,-48.9406,69.44,92,100,5.77,overcast clouds
568,Fortuna,US,40.5982,-124.1573,62.19,67,64,4.0,broken clouds
569,Whitefish,US,48.4111,-114.3376,46.99,61,73,9.48,broken clouds
570,Juegang,CN,32.3174,121.1855,67.91,85,100,21.85,light rain
571,Ptuj,SI,46.4201,15.8702,47.32,87,90,14.97,overcast clouds
572,Noyabrsk,RU,63.1994,75.4507,26.06,74,25,9.4,scattered clouds
573,Shatura,RU,55.5725,39.5368,39.88,76,56,4.63,broken clouds
574,Undory,RU,54.6085,48.3928,46.62,79,100,6.2,overcast clouds
575,Cagliari,IT,39.245,9.0912,58.93,60,0,6.91,clear sky
576,Farafangana,MG,-22.8167,47.8333,68.94,88,21,7.43,few clouds
577,Aleksandrov Gay,RU,50.147,48.5704,45.18,50,1,3.98,clear sky
578,Qasigiannguit,GL,68.8193,-51.1922,32.25,86,100,3.74,overcast clouds
579,Olutanga,PH,7.3106,122.8464,84.09,71,69,16.31,broken clouds
580,Awjilah,LY,29.1081,21.2869,75.97,30,0,7.2,clear sky
581,Clyde River,CA,70.4692,-68.5914,32.4,77,100,3.87,overcast clouds
582,Nyurba,RU,63.2842,118.3319,30.65,85,100,12.8,light snow
583,Zhigansk,RU,66.7697,123.3711,32.5,97,100,13.33,overcast clouds
584,Picos,BR,-7.0769,-41.4669,84.29,32,68,2.75,broken clouds
585,Azle,US,32.8951,-97.5459,89.47,57,75,5.01,broken clouds
586,Itinga,BR,-16.6131,-41.7653,72.28,83,54,4.38,broken clouds
587,Jaca,ES,42.569,-0.5499,55.02,61,78,3.89,broken clouds
588,Berezovyy,RU,51.6667,135.7,43.05,82,97,2.06,overcast clouds
589,Imeni Poliny Osipenko,RU,52.4201,136.4853,42.03,74,100,14.23,overcast clouds
590,Cam Ranh,VN,11.9214,109.1591,78.76,89,40,0.0,scattered clouds
591,Maanshan,CN,31.6957,118.4983,59.92,85,100,13.02,light rain
592,Mikhaylovka,RU,50.06,43.2379,43.9,57,79,4.65,broken clouds
593,Hervey Bay,AU,-25.2986,152.8535,82.04,65,11,13.85,few clouds
594,Sisimiut,GL,66.9395,-53.6735,33.44,80,98,4.85,overcast clouds
595,Tacuarembo,UY,-31.7333,-55.9833,62.28,97,100,10.13,moderate rain
596,Seoul,KR,37.5683,126.9778,58.51,50,99,1.74,overcast clouds
597,Wukari,NG,7.85,9.7833,73.83,90,92,5.44,overcast clouds
598,Shingu,JP,33.7333,135.9833,76.35,75,4,0.92,clear sky
599,Morehead,US,37.2711,-87.1764,78.51,70,1,0.0,clear sky
600,Swellendam,ZA,-34.0226,20.4417,61.9,40,89,2.24,overcast clouds
601,Roald,NO,62.5833,6.1333,51.17,93,90,11.5,heavy intensity drizzle
602,Charters Towers,AU,-20.1,146.2667,81.34,42,0,9.17,clear sky
603,Port Macquarie,AU,-31.4333,152.9167,64.89,94,90,11.5,overcast clouds
604,Adelaide,AU,-34.9333,138.6,57.42,59,75,3.0,broken clouds
605,Hit,IQ,33.6416,42.8251,76.91,20,0,8.5,clear sky
606,Houma,US,29.5958,-90.7195,81.0,78,0,6.73,clear sky
607,Chake Chake,TZ,-5.2459,39.7666,74.44,86,54,7.67,broken clouds
608,Ozinki,RU,51.1786,49.6769,43.72,58,16,2.84,few clouds
609,Nisia Floresta,BR,-6.0911,-35.2086,76.23,78,29,9.22,scattered clouds
610,Cordoba,AR,-31.4135,-64.1811,64.6,81,43,4.03,scattered clouds
611,Aksarka,RU,66.5606,67.7975,26.06,87,15,4.07,few clouds
612,Sri Aman,MY,1.2376,111.4621,78.91,90,98,0.49,overcast clouds
613,Kendari,ID,-3.945,122.4989,78.64,84,100,3.13,overcast clouds
614,Beloha,MG,-25.1667,45.05,67.46,82,52,13.38,light rain
615,Susehri,TR,40.1644,38.0867,55.92,60,0,1.3,clear sky
616,Gujar Khan,PK,33.2558,73.3026,67.62,60,0,6.71,clear sky
617,Tigzirt,DZ,36.8886,4.1198,65.12,72,1,7.29,clear sky
618,Odweyne,SO,9.4092,45.064,75.6,58,100,8.21,overcast clouds
619,Kruszwica,PL,52.6756,18.3313,37.11,81,4,5.82,clear sky
620,Huarmey,PE,-10.0681,-78.1522,64.42,88,53,7.52,broken clouds
621,Benemerito De Las Americas,MX,16.5167,-90.6439,80.1,79,41,2.1,scattered clouds
622,Shaoguan,CN,24.8,113.5833,63.61,82,100,5.61,overcast clouds
623,Oktyabrskiy,RU,54.4815,53.471,39.4,86,99,2.82,overcast clouds
624,Tafresh,IR,34.692,50.013,44.89,52,0,4.38,clear sky
625,Fiche,ET,9.8,38.7333,48.0,87,63,2.33,broken clouds
626,Taybad,IR,34.74,60.7756,43.77,32,0,11.7,clear sky
627,Nago,JP,26.5881,127.9761,84.36,84,93,20.74,overcast clouds
628,Natal,BR,-5.795,-35.2094,81.25,78,20,6.91,few clouds
629,Barcelos,PT,41.5388,-8.6151,68.85,47,73,7.16,broken clouds
630,Ketchikan,US,55.3422,-131.6461,48.67,87,90,9.22,light rain
631,Adrar,MR,20.5022,-10.0711,85.53,13,91,4.81,overcast clouds
632,Richmond,US,37.5538,-77.4603,70.66,89,75,7.0,broken clouds
633,Constantine,DZ,36.365,6.6147,54.3,87,0,1.28,clear sky
634,Coswig,DE,51.1333,13.5833,42.66,81,0,5.75,clear sky
635,Fort Frances,CA,48.5999,-93.4003,56.16,67,75,5.75,broken clouds
636,Kalmar,SE,56.6616,16.3616,51.96,84,96,6.91,overcast clouds
637,Serebryanyy Bor,RU,56.8,124.8,29.73,70,41,9.35,scattered clouds
638,Alyangula,AU,-13.8483,136.4192,83.71,66,87,11.92,overcast clouds
639,Tsogni,GA,-2.7942,10.0988,74.62,86,100,2.73,overcast clouds
640,Kungur,RU,57.4368,56.9593,36.95,91,96,5.21,overcast clouds
641,Kota Belud,MY,6.351,116.4305,82.26,65,99,6.24,light rain
642,Senanga,ZM,-16.1167,23.2667,74.32,19,50,7.27,scattered clouds
643,Khurba,RU,50.4072,136.8819,46.18,70,99,9.1,light rain
644,Weihai,CN,37.5017,122.1136,62.85,42,44,19.57,scattered clouds
645,Whitehorse,CA,60.7161,-135.0538,44.02,60,59,1.99,broken clouds
646,Ayagoz,KZ,47.9714,80.4392,37.76,96,100,12.95,light rain
647,Diffa,NE,13.3154,12.6113,86.54,16,85,6.89,overcast clouds
648,Suntar,RU,62.1444,117.6319,33.31,72,100,13.71,overcast clouds
649,Coxim,BR,-18.5067,-54.76,71.73,88,86,15.9,overcast clouds
650,Olga,RU,43.7444,135.2892,53.78,53,66,14.14,broken clouds
651,Weiden,DE,49.6775,12.1567,40.14,89,1,0.0,clear sky
652,Mae Sai,TH,20.4335,99.8762,73.44,98,100,1.57,overcast clouds
653,Upata,VE,8.0086,-62.3989,81.19,76,87,4.34,overcast clouds
654,Brighton,GB,50.8284,-0.1395,53.8,87,54,5.99,broken clouds
655,Kolvereid,NO,64.8655,11.6047,47.16,88,78,10.2,broken clouds
656,Maragogi,BR,-9.0122,-35.2225,76.3,82,75,8.5,broken clouds
657,Dimbokro,CI,6.6451,-4.7048,73.69,99,100,4.05,overcast clouds
658,Porto Belo,BR,-27.1578,-48.5531,69.96,83,98,13.69,overcast clouds
659,Yilan,TW,24.757,121.753,82.36,99,100,7.94,light rain
660,Pastavy,BY,55.1168,26.8326,35.55,84,8,6.73,clear sky
661,Santa Marinella,IT,42.0345,11.8536,55.53,80,8,25.08,clear sky
662,Yairipok,IN,24.6667,94.0667,66.97,96,14,0.81,few clouds
663,Kolo,PL,52.2002,18.6387,38.25,59,18,4.9,few clouds
664,Novaya Ladoga,RU,60.1025,32.3019,46.99,76,42,11.63,light rain
665,Otane,NZ,-39.8833,176.6333,64.38,45,33,1.61,scattered clouds
666,Coahuayana,MX,18.7333,-103.6833,87.28,84,95,2.68,overcast clouds
667,Eydhafushi,MV,5.1033,73.0708,83.01,76,83,18.16,broken clouds
668,Sao Geraldo Do Araguaia,BR,-6.4006,-48.555,85.96,45,99,5.06,overcast clouds
669,Oranjemund,NA,-28.55,16.4333,75.76,22,3,8.16,clear sky
670,Asau,RO,46.4333,26.4,39.76,49,47,1.99,scattered clouds
671,Gerash,IR,27.6652,54.1371,73.38,38,0,6.29,clear sky
672,Disna,BY,55.568,28.1971,35.73,86,12,6.6,few clouds
673,Scottsbluff,US,41.8666,-103.6672,65.52,28,1,5.99,clear sky
674,Obo,CF,5.3998,26.4869,69.91,96,100,3.09,overcast clouds
675,Aksay,RU,47.26,39.87,50.22,43,7,11.01,clear sky
676,Krasnokamensk,RU,50.0979,118.0369,40.41,60,0,4.25,clear sky
677,Coihaique,CL,-45.5752,-72.0662,49.95,71,75,3.44,light rain
678,Tashtyp,RU,52.7939,89.8983,40.05,70,100,3.42,overcast clouds
679,Brigantine,US,39.4101,-74.3646,68.02,89,90,11.5,overcast clouds
680,Merauke,ID,-8.4667,140.3333,81.63,69,89,9.69,overcast clouds
681,Forbes,AU,-33.3833,148.0167,60.93,44,99,7.14,overcast clouds
682,Mutsu,JP,41.2894,141.2169,61.12,85,100,11.12,overcast clouds
683,Fethiye,TR,36.6217,29.1164,64.27,44,0,6.51,clear sky
684,Santa Cruz De Tenerife,ES,28.4682,-16.2546,73.22,89,75,5.01,broken clouds
685,Shar,KZ,49.5886,81.0453,45.09,75,100,15.61,moderate rain
686,Luba,GQ,3.4568,8.5547,77.81,84,99,2.08,overcast clouds
687,Juneau,US,58.3019,-134.4197,46.45,91,75,3.44,broken clouds
688,Augusto Correa,BR,-1.0217,-46.635,80.02,76,61,6.26,broken clouds
689,Parichha,IN,25.5167,78.75,77.02,50,5,2.98,clear sky
690,Novoye Leushino,RU,56.8073,40.5144,41.95,78,58,4.92,broken clouds
691,Leua,SK,48.2156,18.6071,50.5,56,100,5.14,overcast clouds
692,Ponta Delgada,PT,37.7333,-25.6667,70.52,94,75,11.5,broken clouds
693,Leshukonskoye,RU,64.8989,45.7622,48.16,97,100,8.3,overcast clouds
694,Parangan,PH,5.0839,119.9383,84.29,77,99,10.47,overcast clouds
695,Dalianwan,CN,39.0286,121.695,55.44,62,0,2.24,clear sky
696,Blatec,MK,41.8378,22.5781,48.9,95,100,5.03,overcast clouds
697,Sanger,US,36.708,-119.556,78.8,37,20,1.99,smoke
698,Dolinsk,RU,47.35,142.8,51.66,65,65,21.16,broken clouds
